rank,Player,Games,cmp,att,pct,yds,y/a,ay/a,td,int,CQBR,att,yds,avg,td,ttl yds,td/int,yds/td,yds/int,NQBR,QBRDIF,ttl tds,ttltd/int,yds/cmp,ttlyds/G,score
1,Mitch Trubisky,31,386,572,67.5,4762,8.3,9,41,10,157.6,120,439,3.7,8,5201,4.1,116.1463415,476.2,116.6083916,40.99160839,49,4.9,12.33678756,167.7741935,3
2,Patrick Mahomes,32,857,1349,63.5,11252,8.3,8.8,93,29,152,308,845,2.7,22,12097,3.206896552,120.9892473,388,112.399617,39.600383,115,3.965517241,13.12952159,378.03125,1
3,Jordan Love,38,689,1125,61.2,8600,7.6,7.6,60,29,137.9,170,403,2.4,9,9003,2.068966,143.3333,296.5517,102.32037,35.57963,69,2.37931,12.48186,236.9211,
4,Tua Tagovailoa,32,474,684,69.3,7442,10.9,10.9,87,11,199.4,107,340,3.2,9,7782,7.606061,85.54023,676.5455,144.48099,54.91901,96,8.727273,15.70042,243.1875,
5,Justin Herbert,43,827,1293,64,10541,8.2,8.8,95,23,153.1,231,560,2.4,13,11101,4.130435,110.9579,458.3043,113.54569,39.55431,108,4.695652,12.74607,258.1628,
6,Jalen Hurts,56,682,1047,65.1,9477,9.1,9.7,80,20,162.6,614,3274,5.6,20,12751,4,118.4625,473.85,119.23153,43.36847,100,5,13.89589,227.6964,
7,Joe Burrow,38,650,945,68.8,8852,9.4,10.5,78,11,172.4,258,820,3.2,13,9672,7.090909,113.4872,804.7273,125.75176,46.64824,91,8.272727,13.61846,254.5263,
